{"cameraMode":{"drawMode":0,"name":"Shaded","section":"Shading Mode"},"sceneLighting":true,"audioPlay":false,"sceneViewState":{"m_AlwaysRefresh":false,"showFog":true,"showSkybox":true,"showFlares":true,"showImageEffects":true,"showParticleSystems":true,"showVisualEffectGraphs":true,"m_FxEnabled":true},"in2DMode":false,"pivot":{"x":-2.361501932144165,"y":0.028732461854815484,"z":14.172124862670899},"rotation":{"x":0.024276262149214746,"y":-0.050966959446668628,"z":0.0012395420344546438,"w":0.9983883500099182},"size":15.125802993774414,"orthographic":false}